# Copyright (C) 2022  Intel Corporation. All rights reserved.
# Your use of Intel Corporation's design tools, logic functions 
# and other software and tools, and any partner logic 
# functions, and any output files from any of the foregoing 
# (including device programming or simulation files), and any 
# associated documentation or information are expressly subject 
# to the terms and conditions of the Intel Program License 
# Subscription Agreement, the Intel Quartus Prime License Agreement,
# the Intel FPGA IP License Agreement, or other applicable license
# agreement, including, without limitation, that your use is for
# the sole purpose of programming logic devices manufactured by
# Intel and sold by Intel or its authorized distributors.  Please
# refer to the applicable agreement for further details, at
# https://fpgasoftware.intel.com/eula.

# Quartus Prime Version 22.1std.0 Build 915 10/25/2022 SC Lite Edition
# File: D:\Documents\Repositories\Prueba\proyecto\final.csv
# Generated on: Tue Jun  6 18:27:52 2023

# Note: The column header names should not be changed if you wish to import this .csv file into the Quartus Prime software.

To,Direction,Location,I/O Bank,VREF Group,I/O Standard,Reserved,Current Strength,Slew Rate,Differential Pair,Strict Preservation
DataAdrM[31],Output,,,,,,,,,
DataAdrM[30],Output,,,,,,,,,
DataAdrM[29],Output,,,,,,,,,
DataAdrM[28],Output,,,,,,,,,
DataAdrM[27],Output,,,,,,,,,
DataAdrM[26],Output,,,,,,,,,
DataAdrM[25],Output,,,,,,,,,
DataAdrM[24],Output,,,,,,,,,
DataAdrM[23],Output,,,,,,,,,
DataAdrM[22],Output,,,,,,,,,
DataAdrM[21],Output,,,,,,,,,
DataAdrM[20],Output,,,,,,,,,
DataAdrM[19],Output,,,,,,,,,
DataAdrM[18],Output,,,,,,,,,
DataAdrM[17],Output,,,,,,,,,
DataAdrM[16],Output,,,,,,,,,
DataAdrM[15],Output,,,,,,,,,
DataAdrM[14],Output,,,,,,,,,
DataAdrM[13],Output,,,,,,,,,
DataAdrM[12],Output,,,,,,,,,
DataAdrM[11],Output,,,,,,,,,
DataAdrM[10],Output,,,,,,,,,
DataAdrM[9],Output,,,,,,,,,
DataAdrM[8],Output,,,,,,,,,
DataAdrM[7],Output,,,,,,,,,
DataAdrM[6],Output,,,,,,,,,
DataAdrM[5],Output,,,,,,,,,
DataAdrM[4],Output,,,,,,,,,
DataAdrM[3],Output,,,,,,,,,
DataAdrM[2],Output,,,,,,,,,
DataAdrM[1],Output,,,,,,,,,
DataAdrM[0],Output,,,,,,,,,
MemWriteM,Output,,,,,,,,,
SegHundreds[7],Output,PIN_A19,7,B7_N0,,,,,,
SegHundreds[6],Output,PIN_B20,6,B6_N0,,,,,,
SegHundreds[5],Output,PIN_A20,7,B7_N0,,,,,,
SegHundreds[4],Output,PIN_B19,7,B7_N0,,,,,,
SegHundreds[3],Output,PIN_A21,6,B6_N0,,,,,,
SegHundreds[2],Output,PIN_B21,6,B6_N0,,,,,,
SegHundreds[1],Output,PIN_C22,6,B6_N0,,,,,,
SegHundreds[0],Output,PIN_B22,6,B6_N0,,,,,,
SegSign[7],Output,PIN_D22,6,B6_N0,,,,,,
SegSign[6],Output,PIN_F21,6,B6_N0,,,,,,
SegSign[5],Output,PIN_E22,6,B6_N0,,,,,,
SegSign[4],Output,PIN_E21,6,B6_N0,,,,,,
SegSign[3],Output,PIN_C19,7,B7_N0,,,,,,
SegSign[2],Output,PIN_C20,6,B6_N0,,,,,,
SegSign[1],Output,PIN_D19,6,B6_N0,,,,,,
SegSign[0],Output,PIN_E17,6,B6_N0,,,,,,
SegTens[7],Output,PIN_A16,7,B7_N0,,,,,,
SegTens[6],Output,PIN_C18,7,B7_N0,,,,,,
SegTens[5],Output,PIN_D18,6,B6_N0,,,,,,
SegTens[4],Output,PIN_E18,6,B6_N0,,,,,,
SegTens[3],Output,PIN_B16,7,B7_N0,,,,,,
SegTens[2],Output,PIN_A17,7,B7_N0,,,,,,
SegTens[1],Output,PIN_A18,7,B7_N0,,,,,,
SegTens[0],Output,PIN_B17,7,B7_N0,,,,,,
SegUnits[7],Output,PIN_D15,7,B7_N0,,,,,,
SegUnits[6],Output,PIN_C14,7,B7_N0,,,,,,
SegUnits[5],Output,PIN_E15,7,B7_N0,,,,,,
SegUnits[4],Output,PIN_C15,7,B7_N0,,,,,,
SegUnits[3],Output,PIN_C16,7,B7_N0,,,,,,
SegUnits[2],Output,PIN_E16,7,B7_N0,,,,,,
SegUnits[1],Output,PIN_D17,7,B7_N0,,,,,,
SegUnits[0],Output,PIN_C17,7,B7_N0,,,,,,
WriteDataM[31],Output,,,,,,,,,
WriteDataM[30],Output,,,,,,,,,
WriteDataM[29],Output,,,,,,,,,
WriteDataM[28],Output,,,,,,,,,
WriteDataM[27],Output,,,,,,,,,
WriteDataM[26],Output,,,,,,,,,
WriteDataM[25],Output,,,,,,,,,
WriteDataM[24],Output,,,,,,,,,
WriteDataM[23],Output,,,,,,,,,
WriteDataM[22],Output,,,,,,,,,
WriteDataM[21],Output,,,,,,,,,
WriteDataM[20],Output,,,,,,,,,
WriteDataM[19],Output,,,,,,,,,
WriteDataM[18],Output,,,,,,,,,
WriteDataM[17],Output,,,,,,,,,
WriteDataM[16],Output,,,,,,,,,
WriteDataM[15],Output,,,,,,,,,
WriteDataM[14],Output,,,,,,,,,
WriteDataM[13],Output,,,,,,,,,
WriteDataM[12],Output,,,,,,,,,
WriteDataM[11],Output,,,,,,,,,
WriteDataM[10],Output,,,,,,,,,
WriteDataM[9],Output,,,,,,,,,
WriteDataM[8],Output,,,,,,,,,
WriteDataM[7],Output,,,,,,,,,
WriteDataM[6],Output,,,,,,,,,
WriteDataM[5],Output,,,,,,,,,
WriteDataM[4],Output,,,,,,,,,
WriteDataM[3],Output,,,,,,,,,
WriteDataM[2],Output,,,,,,,,,
WriteDataM[1],Output,,,,,,,,,
WriteDataM[0],Output,,,,,,,,,
clk,Input,PIN_P11,3,B3_N0,,,,,,
p,Input,PIN_B8,7,B7_N0,,,,,,
rst,Input,PIN_A7,7,B7_N0,,,,,,
sw[7],Input,PIN_A14,7,B7_N0,,,,,,
sw[6],Input,PIN_A13,7,B7_N0,,,,,,
sw[5],Input,PIN_B12,7,B7_N0,,,,,,
sw[4],Input,PIN_A12,7,B7_N0,,,,,,
sw[3],Input,PIN_C12,7,B7_N0,,,,,,
sw[2],Input,PIN_D12,7,B7_N0,,,,,,
sw[1],Input,PIN_C11,7,B7_N0,,,,,,
sw[0],Input,PIN_C10,7,B7_N0,,,,,,
