# Copyright (C) 2022  Intel Corporation. All rights reserved.
# Your use of Intel Corporation's design tools, logic functions 
# and other software and tools, and any partner logic 
# functions, and any output files from any of the foregoing 
# (including device programming or simulation files), and any 
# associated documentation or information are expressly subject 
# to the terms and conditions of the Intel Program License 
# Subscription Agreement, the Intel Quartus Prime License Agreement,
# the Intel FPGA IP License Agreement, or other applicable license
# agreement, including, without limitation, that your use is for
# the sole purpose of programming logic devices manufactured by
# Intel and sold by Intel or its authorized distributors.  Please
# refer to the applicable agreement for further details, at
# https://fpgasoftware.intel.com/eula.

# Quartus Prime Version 22.1std.0 Build 915 10/25/2022 SC Lite Edition
# File: D:\Documents\Repositories\Final\Part1\final.csv
# Generated on: Wed Jun  7 07:55:46 2023

# Note: The column header names should not be changed if you wish to import this .csv file into the Quartus Prime software.

To,Direction,Location,I/O Bank,VREF Group,I/O Standard,Reserved,Current Strength,Slew Rate,Differential Pair,Strict Preservation
clk,Unknown,PIN_P11,3,B3_N0,,,,,,
p,Unknown,PIN_B8,7,B7_N0,,,,,,
rst,Unknown,PIN_A7,7,B7_N0,,,,,,
sw[7],Unknown,PIN_A14,7,B7_N0,,,,,,
sw[6],Unknown,PIN_A13,7,B7_N0,,,,,,
sw[5],Unknown,PIN_B12,7,B7_N0,,,,,,
sw[4],Unknown,PIN_A12,7,B7_N0,,,,,,
sw[3],Unknown,PIN_C12,7,B7_N0,,,,,,
sw[2],Unknown,PIN_D12,7,B7_N0,,,,,,
sw[1],Unknown,PIN_C11,7,B7_N0,,,,,,
sw[0],Unknown,PIN_C10,7,B7_N0,,,,,,
SegUnits[7],Unknown,PIN_D15,7,B7_N0,,,,,,
SegUnits[6],Unknown,PIN_C14,7,B7_N0,,,,,,
SegUnits[5],Unknown,PIN_E15,7,B7_N0,,,,,,
SegUnits[4],Unknown,PIN_C15,7,B7_N0,,,,,,
SegUnits[3],Unknown,PIN_C16,7,B7_N0,,,,,,
SegUnits[2],Unknown,PIN_E16,7,B7_N0,,,,,,
SegUnits[1],Unknown,PIN_D17,7,B7_N0,,,,,,
SegUnits[0],Unknown,PIN_C17,7,B7_N0,,,,,,
SegTens[7],Unknown,PIN_A16,7,B7_N0,,,,,,
SegTens[6],Unknown,PIN_C18,7,B7_N0,,,,,,
SegTens[5],Unknown,PIN_D18,6,B6_N0,,,,,,
SegTens[4],Unknown,PIN_E18,6,B6_N0,,,,,,
SegTens[3],Unknown,PIN_B16,7,B7_N0,,,,,,
SegTens[2],Unknown,PIN_A17,7,B7_N0,,,,,,
SegTens[1],Unknown,PIN_A18,7,B7_N0,,,,,,
SegTens[0],Unknown,PIN_B17,7,B7_N0,,,,,,
SegHundreds[7],Unknown,PIN_A19,7,B7_N0,,,,,,
SegHundreds[6],Unknown,PIN_B20,6,B6_N0,,,,,,
SegHundreds[5],Unknown,PIN_A20,7,B7_N0,,,,,,
SegHundreds[4],Unknown,PIN_B19,7,B7_N0,,,,,,
SegHundreds[3],Unknown,PIN_A21,6,B6_N0,,,,,,
SegHundreds[2],Unknown,PIN_B21,6,B6_N0,,,,,,
SegHundreds[1],Unknown,PIN_C22,6,B6_N0,,,,,,
SegHundreds[0],Unknown,PIN_B22,6,B6_N0,,,,,,
SegSign[7],Unknown,PIN_D22,6,B6_N0,,,,,,
SegSign[6],Unknown,PIN_F21,6,B6_N0,,,,,,
SegSign[5],Unknown,PIN_E22,6,B6_N0,,,,,,
SegSign[4],Unknown,PIN_E21,6,B6_N0,,,,,,
SegSign[3],Unknown,PIN_C19,7,B7_N0,,,,,,
SegSign[2],Unknown,PIN_C20,6,B6_N0,,,,,,
SegSign[1],Unknown,PIN_D19,6,B6_N0,,,,,,
SegSign[0],Unknown,PIN_E17,6,B6_N0,,,,,,
